{"cameraMode":{"drawMode":0,"name":"Shaded","section":"Shading Mode"},"sceneLighting":false,"audioPlay":false,"sceneViewState":{"showFog":true,"showMaterialUpdate":false,"showSkybox":false,"showFlares":true,"showImageEffects":true,"showParticleSystems":true},"in2DMode":false,"pivot":{"x":0.10170747339725495,"y":-3.150174617767334,"z":12.536423683166504},"rotation":{"x":-0.17300637066364289,"y":-0.06878750771284104,"z":0.012116764672100544,"w":-0.9824526906013489},"size":1.8714232444763184,"orthographic":false}