{"cameraMode":{"drawMode":0,"name":"Shaded","section":"Shading Mode"},"sceneLighting":false,"audioPlay":false,"sceneViewState":{"showFog":true,"showMaterialUpdate":false,"showSkybox":false,"showFlares":true,"showImageEffects":true,"showParticleSystems":true},"in2DMode":false,"pivot":{"x":-0.5778685808181763,"y":-3.642526626586914,"z":5.160226821899414},"rotation":{"x":0.01057078130543232,"y":-0.974903404712677,"z":0.21730053424835206,"w":0.04742375388741493},"size":3.157883644104004,"orthographic":false}