{"cameraMode":{"drawMode":0,"name":"Shaded","section":"Shading Mode"},"sceneLighting":false,"audioPlay":false,"sceneViewState":{"showFog":true,"showMaterialUpdate":false,"showSkybox":false,"showFlares":true,"showImageEffects":true,"showParticleSystems":true},"in2DMode":false,"pivot":{"x":0.31718313694000246,"y":-2.976088762283325,"z":11.817578315734864},"rotation":{"x":-0.11213652789592743,"y":-0.0872320830821991,"z":0.009885594248771668,"w":-0.9898170232772827},"size":3.157883644104004,"orthographic":false}